,dia,ventas
count,7.0,7.0
mean,4.0,131.42857142857142
std,2.160246899469287,30.237157840738178
min,1.0,90.0
25%,2.5,110.0
50%,4.0,130.0
75%,5.5,155.0
max,7.0,170.0
